--
-- PostgreSQL database dump
--

-- Dumped from database version 12.9 (Ubuntu 12.9-2.pgdg20.04+1)
-- Dumped by pg_dump version 12.9 (Ubuntu 12.9-2.pgdg20.04+1)

SET statement_timeout = 0;
SET lock_timeout = 0;
SET idle_in_transaction_session_timeout = 0;
SET client_encoding = 'UTF8';
SET standard_conforming_strings = on;
SELECT pg_catalog.set_config('search_path', '', false);
SET check_function_bodies = false;
SET xmloption = content;
SET client_min_messages = warning;
SET row_security = off;

DROP DATABASE universe;
--
-- Name: universe; Type: DATABASE; Schema: -; Owner: freecodecamp
--

CREATE DATABASE universe WITH TEMPLATE = template0 ENCODING = 'UTF8' LC_COLLATE = 'C.UTF-8' LC_CTYPE = 'C.UTF-8';


ALTER DATABASE universe OWNER TO freecodecamp;

\connect universe

SET statement_timeout = 0;
SET lock_timeout = 0;
SET idle_in_transaction_session_timeout = 0;
SET client_encoding = 'UTF8';
SET standard_conforming_strings = on;
SELECT pg_catalog.set_config('search_path', '', false);
SET check_function_bodies = false;
SET xmloption = content;
SET client_min_messages = warning;
SET row_security = off;

SET default_tablespace = '';

SET default_table_access_method = heap;

--
-- Name: galaxy; Type: TABLE; Schema: public; Owner: freecodecamp
--

CREATE TABLE public.galaxy (
    galaxy_id integer NOT NULL,
    name character varying(30) NOT NULL,
    has_life boolean,
    is_spherical boolean,
    distance_from_earth integer
);


ALTER TABLE public.galaxy OWNER TO freecodecamp;

--
-- Name: galaxy_id_seq; Type: SEQUENCE; Schema: public; Owner: freecodecamp
--

CREATE SEQUENCE public.galaxy_id_seq
    AS integer
    START WITH 1
    INCREMENT BY 1
    NO MINVALUE
    NO MAXVALUE
    CACHE 1;


ALTER TABLE public.galaxy_id_seq OWNER TO freecodecamp;

--
-- Name: galaxy_id_seq; Type: SEQUENCE OWNED BY; Schema: public; Owner: freecodecamp
--

ALTER SEQUENCE public.galaxy_id_seq OWNED BY public.galaxy.galaxy_id;


--
-- Name: moon; Type: TABLE; Schema: public; Owner: freecodecamp
--

CREATE TABLE public.moon (
    moon_id integer NOT NULL,
    name character varying(30) NOT NULL,
    planet_id integer,
    distance_from_earth integer,
    planet_types text
);


ALTER TABLE public.moon OWNER TO freecodecamp;

--
-- Name: moon_id_seq; Type: SEQUENCE; Schema: public; Owner: freecodecamp
--

CREATE SEQUENCE public.moon_id_seq
    AS integer
    START WITH 1
    INCREMENT BY 1
    NO MINVALUE
    NO MAXVALUE
    CACHE 1;


ALTER TABLE public.moon_id_seq OWNER TO freecodecamp;

--
-- Name: moon_id_seq; Type: SEQUENCE OWNED BY; Schema: public; Owner: freecodecamp
--

ALTER SEQUENCE public.moon_id_seq OWNED BY public.moon.moon_id;


--
-- Name: other; Type: TABLE; Schema: public; Owner: freecodecamp
--

CREATE TABLE public.other (
    other_id integer NOT NULL,
    name character varying(30) NOT NULL,
    other numeric
);


ALTER TABLE public.other OWNER TO freecodecamp;

--
-- Name: other_other_id_seq; Type: SEQUENCE; Schema: public; Owner: freecodecamp
--

CREATE SEQUENCE public.other_other_id_seq
    AS integer
    START WITH 1
    INCREMENT BY 1
    NO MINVALUE
    NO MAXVALUE
    CACHE 1;


ALTER TABLE public.other_other_id_seq OWNER TO freecodecamp;

--
-- Name: other_other_id_seq; Type: SEQUENCE OWNED BY; Schema: public; Owner: freecodecamp
--

ALTER SEQUENCE public.other_other_id_seq OWNED BY public.other.other_id;


--
-- Name: planet; Type: TABLE; Schema: public; Owner: freecodecamp
--

CREATE TABLE public.planet (
    planet_id integer NOT NULL,
    name character varying(30) NOT NULL,
    star_id integer,
    distance_from_earth integer,
    planet_types text
);


ALTER TABLE public.planet OWNER TO freecodecamp;

--
-- Name: planet_id_seq; Type: SEQUENCE; Schema: public; Owner: freecodecamp
--

CREATE SEQUENCE public.planet_id_seq
    AS integer
    START WITH 1
    INCREMENT BY 1
    NO MINVALUE
    NO MAXVALUE
    CACHE 1;


ALTER TABLE public.planet_id_seq OWNER TO freecodecamp;

--
-- Name: planet_id_seq; Type: SEQUENCE OWNED BY; Schema: public; Owner: freecodecamp
--

ALTER SEQUENCE public.planet_id_seq OWNED BY public.planet.planet_id;


--
-- Name: star; Type: TABLE; Schema: public; Owner: freecodecamp
--

CREATE TABLE public.star (
    star_id integer NOT NULL,
    name character varying(30) NOT NULL,
    galaxy_id integer,
    distance_from_earth integer,
    planet_types text
);


ALTER TABLE public.star OWNER TO freecodecamp;

--
-- Name: star_id_seq; Type: SEQUENCE; Schema: public; Owner: freecodecamp
--

CREATE SEQUENCE public.star_id_seq
    AS integer
    START WITH 1
    INCREMENT BY 1
    NO MINVALUE
    NO MAXVALUE
    CACHE 1;


ALTER TABLE public.star_id_seq OWNER TO freecodecamp;

--
-- Name: star_id_seq; Type: SEQUENCE OWNED BY; Schema: public; Owner: freecodecamp
--

ALTER SEQUENCE public.star_id_seq OWNED BY public.star.star_id;


--
-- Name: galaxy galaxy_id; Type: DEFAULT; Schema: public; Owner: freecodecamp
--

ALTER TABLE ONLY public.galaxy ALTER COLUMN galaxy_id SET DEFAULT nextval('public.galaxy_id_seq'::regclass);


--
-- Name: moon moon_id; Type: DEFAULT; Schema: public; Owner: freecodecamp
--

ALTER TABLE ONLY public.moon ALTER COLUMN moon_id SET DEFAULT nextval('public.moon_id_seq'::regclass);


--
-- Name: other other_id; Type: DEFAULT; Schema: public; Owner: freecodecamp
--

ALTER TABLE ONLY public.other ALTER COLUMN other_id SET DEFAULT nextval('public.other_other_id_seq'::regclass);


--
-- Name: planet planet_id; Type: DEFAULT; Schema: public; Owner: freecodecamp
--

ALTER TABLE ONLY public.planet ALTER COLUMN planet_id SET DEFAULT nextval('public.planet_id_seq'::regclass);


--
-- Name: star star_id; Type: DEFAULT; Schema: public; Owner: freecodecamp
--

ALTER TABLE ONLY public.star ALTER COLUMN star_id SET DEFAULT nextval('public.star_id_seq'::regclass);


--
-- Data for Name: galaxy; Type: TABLE DATA; Schema: public; Owner: freecodecamp
--

INSERT INTO public.galaxy VALUES (1, 'milky way', true, true, 5000);
INSERT INTO public.galaxy VALUES (2, 'milky', true, false, 58000);
INSERT INTO public.galaxy VALUES (3, 'chloe', false, true, 10);
INSERT INTO public.galaxy VALUES (4, 'jess', true, false, 69);
INSERT INTO public.galaxy VALUES (5, 'rita', true, true, 900000);
INSERT INTO public.galaxy VALUES (6, 'echo', false, false, 90909090);


--
-- Data for Name: moon; Type: TABLE DATA; Schema: public; Owner: freecodecamp
--

INSERT INTO public.moon VALUES (1, 'moon', 10, 10, 'moon');
INSERT INTO public.moon VALUES (16, 'a', 1, NULL, NULL);
INSERT INTO public.moon VALUES (17, 'b', 2, NULL, NULL);
INSERT INTO public.moon VALUES (18, 'c', 3, NULL, NULL);
INSERT INTO public.moon VALUES (19, 'd', 4, NULL, NULL);
INSERT INTO public.moon VALUES (20, 'e', 5, NULL, NULL);
INSERT INTO public.moon VALUES (21, 'f', 6, NULL, NULL);
INSERT INTO public.moon VALUES (22, 'g', 7, NULL, NULL);
INSERT INTO public.moon VALUES (23, 'h', 8, NULL, NULL);
INSERT INTO public.moon VALUES (24, 'i', 9, NULL, NULL);
INSERT INTO public.moon VALUES (25, 'j', 10, NULL, NULL);
INSERT INTO public.moon VALUES (26, 'k', 11, NULL, NULL);
INSERT INTO public.moon VALUES (27, 'l', 12, NULL, NULL);
INSERT INTO public.moon VALUES (28, 'm', 1, NULL, NULL);
INSERT INTO public.moon VALUES (29, 'n', 2, NULL, NULL);
INSERT INTO public.moon VALUES (30, 'o', 1, NULL, NULL);
INSERT INTO public.moon VALUES (31, 'p', 2, NULL, NULL);
INSERT INTO public.moon VALUES (32, 'q', 3, NULL, NULL);
INSERT INTO public.moon VALUES (33, 'r', 4, NULL, NULL);
INSERT INTO public.moon VALUES (34, 's', 5, NULL, NULL);
INSERT INTO public.moon VALUES (35, 't', 6, NULL, NULL);
INSERT INTO public.moon VALUES (36, 'u', 7, NULL, NULL);


--
-- Data for Name: other; Type: TABLE DATA; Schema: public; Owner: freecodecamp
--

INSERT INTO public.other VALUES (1, 'hello', 123);
INSERT INTO public.other VALUES (2, 'ho', 1234);
INSERT INTO public.other VALUES (3, 'bye', 11111);


--
-- Data for Name: planet; Type: TABLE DATA; Schema: public; Owner: freecodecamp
--

INSERT INTO public.planet VALUES (1, 'Earth', 1, 0, 'Home');
INSERT INTO public.planet VALUES (2, 'Earthy', 1, 110, 'Homey');
INSERT INTO public.planet VALUES (3, 'Mars', 2, 5020, 'Chocolate');
INSERT INTO public.planet VALUES (4, 'Venus', 5, NULL, NULL);
INSERT INTO public.planet VALUES (5, 'a', 6, NULL, NULL);
INSERT INTO public.planet VALUES (6, 'b', 2, NULL, NULL);
INSERT INTO public.planet VALUES (7, 'c', 3, NULL, NULL);
INSERT INTO public.planet VALUES (8, 'd', 4, NULL, NULL);
INSERT INTO public.planet VALUES (9, 'e', 5, NULL, NULL);
INSERT INTO public.planet VALUES (10, 'f', 6, NULL, NULL);
INSERT INTO public.planet VALUES (11, 'g', 2, NULL, NULL);
INSERT INTO public.planet VALUES (12, 'h', 1, NULL, NULL);


--
-- Data for Name: star; Type: TABLE DATA; Schema: public; Owner: freecodecamp
--

INSERT INTO public.star VALUES (1, 'messi', 3, 50, 'goat');
INSERT INTO public.star VALUES (2, 'messi son', 4, 500, 'goat son');
INSERT INTO public.star VALUES (3, 'ronaldo', 1, 9000, 'arrogant');
INSERT INTO public.star VALUES (4, 'kane', 2, 100, 'hello');
INSERT INTO public.star VALUES (5, 'ife', 6, 666, 'god');
INSERT INTO public.star VALUES (6, 'park', 4, 40000, 'chi');


--
-- Name: galaxy_id_seq; Type: SEQUENCE SET; Schema: public; Owner: freecodecamp
--

SELECT pg_catalog.setval('public.galaxy_id_seq', 6, true);


--
-- Name: moon_id_seq; Type: SEQUENCE SET; Schema: public; Owner: freecodecamp
--

SELECT pg_catalog.setval('public.moon_id_seq', 36, true);


--
-- Name: other_other_id_seq; Type: SEQUENCE SET; Schema: public; Owner: freecodecamp
--

SELECT pg_catalog.setval('public.other_other_id_seq', 3, true);


--
-- Name: planet_id_seq; Type: SEQUENCE SET; Schema: public; Owner: freecodecamp
--

SELECT pg_catalog.setval('public.planet_id_seq', 12, true);


--
-- Name: star_id_seq; Type: SEQUENCE SET; Schema: public; Owner: freecodecamp
--

SELECT pg_catalog.setval('public.star_id_seq', 6, true);


--
-- Name: galaxy galaxy_distance_from_earth_key; Type: CONSTRAINT; Schema: public; Owner: freecodecamp
--

ALTER TABLE ONLY public.galaxy
    ADD CONSTRAINT galaxy_distance_from_earth_key UNIQUE (distance_from_earth);


--
-- Name: galaxy galaxy_pkey; Type: CONSTRAINT; Schema: public; Owner: freecodecamp
--

ALTER TABLE ONLY public.galaxy
    ADD CONSTRAINT galaxy_pkey PRIMARY KEY (galaxy_id);


--
-- Name: moon moon_distance_from_earth_key; Type: CONSTRAINT; Schema: public; Owner: freecodecamp
--

ALTER TABLE ONLY public.moon
    ADD CONSTRAINT moon_distance_from_earth_key UNIQUE (distance_from_earth);


--
-- Name: moon moon_pkey; Type: CONSTRAINT; Schema: public; Owner: freecodecamp
--

ALTER TABLE ONLY public.moon
    ADD CONSTRAINT moon_pkey PRIMARY KEY (moon_id);


--
-- Name: other other_other_key; Type: CONSTRAINT; Schema: public; Owner: freecodecamp
--

ALTER TABLE ONLY public.other
    ADD CONSTRAINT other_other_key UNIQUE (other);


--
-- Name: other other_pkey; Type: CONSTRAINT; Schema: public; Owner: freecodecamp
--

ALTER TABLE ONLY public.other
    ADD CONSTRAINT other_pkey PRIMARY KEY (other_id);


--
-- Name: planet planet_distance_from_earth_key; Type: CONSTRAINT; Schema: public; Owner: freecodecamp
--

ALTER TABLE ONLY public.planet
    ADD CONSTRAINT planet_distance_from_earth_key UNIQUE (distance_from_earth);


--
-- Name: planet planet_pkey; Type: CONSTRAINT; Schema: public; Owner: freecodecamp
--

ALTER TABLE ONLY public.planet
    ADD CONSTRAINT planet_pkey PRIMARY KEY (planet_id);


--
-- Name: star star_distance_from_earth_key; Type: CONSTRAINT; Schema: public; Owner: freecodecamp
--

ALTER TABLE ONLY public.star
    ADD CONSTRAINT star_distance_from_earth_key UNIQUE (distance_from_earth);


--
-- Name: star star_pkey; Type: CONSTRAINT; Schema: public; Owner: freecodecamp
--

ALTER TABLE ONLY public.star
    ADD CONSTRAINT star_pkey PRIMARY KEY (star_id);


--
-- Name: moon moon_planet_id_fkey; Type: FK CONSTRAINT; Schema: public; Owner: freecodecamp
--

ALTER TABLE ONLY public.moon
    ADD CONSTRAINT moon_planet_id_fkey FOREIGN KEY (planet_id) REFERENCES public.planet(planet_id);


--
-- Name: planet planet_star_id_fkey; Type: FK CONSTRAINT; Schema: public; Owner: freecodecamp
--

ALTER TABLE ONLY public.planet
    ADD CONSTRAINT planet_star_id_fkey FOREIGN KEY (star_id) REFERENCES public.star(star_id);


--
-- Name: star star_galaxy_id_fkey; Type: FK CONSTRAINT; Schema: public; Owner: freecodecamp
--

ALTER TABLE ONLY public.star
    ADD CONSTRAINT star_galaxy_id_fkey FOREIGN KEY (galaxy_id) REFERENCES public.galaxy(galaxy_id);


--
-- PostgreSQL database dump complete
--

